{
  "sensor1": 101.02,
  "sensor2": 112.0,
  "sensor3": 132.04,
  "sensor4": 45.0,
  "sensor5": 172.12,
  "sensor6": 156.466666666667,
  "sensor7": 176.506666666667,
  "sensor8": 196.546666666667,
  "sensor9": 216.586666666667,
  "sensor10": 236.626666666667
}